c829582552732503.jpg,1
c837323498992557.jpg,1
c921501008529595.jpg,1
c957773103554145.jpg,1
c844866467790896.jpg,1
c84216892021730.jpg,1
c969626582053591.jpg,1
c9303973071246.jpg,1
c921214643051633.jpg,1
c803456664677895.jpg,1
c857993931612478.jpg,1
c954585117554465.jpg,1
c814574019077792.jpg,1
c767157312116051.jpg,1
c831827615141031.jpg,1
c77188530648943.jpg,1
c88686156266138.jpg,1
c976026692436841.jpg,1
c968099690156774.jpg,1
c920895637967666.jpg,1
c813102193250248.jpg,1
c963174394499790.jpg,1
c971407122913106.jpg,1
c9692772915616.jpg,1
c937959901893886.jpg,1
c825315218837196.jpg,1
c897779591716188.jpg,1
c893106065773373.jpg,1
c913299128450027.jpg,1
c9104759086476.jpg,1
c9080979792840.jpg,1
c812533142516974.jpg,1
c85177647212225.jpg,1
c944456769178477.jpg,1
c855026796632248.jpg,1
c99437851822344.jpg,1
c808866745323398.jpg,1
c999112150730900.jpg,1
c981688119247881.jpg,1
c97089598789813.jpg,1
c985002726291763.jpg,1
c945679508978329.jpg,1
c80554816835636.jpg,1
c890079036246962.jpg,1
c97102367928820.jpg,1
c94389618323400.jpg,1
c828798922977676.jpg,1
c947006861037628.jpg,1
c85695378186357.jpg,1
c899654839275485.jpg,1
c886409522618671.jpg,1
c87422768657018.jpg,1
c96878691337756.jpg,1
c9852426198655.jpg,1
c83080729258368.jpg,1
c826815286483981.jpg,1
c854372508198513.jpg,1
c989121433925429.jpg,1
c85162461777972.jpg,1
c839061817159597.jpg,1
c758312695543403.jpg,1
c98444378533722.jpg,1
c86686907078832.jpg,1
c847872563756525.jpg,1
c852906161050635.jpg,1
c967555099656413.jpg,1
c919111486883894.jpg,1
c977483116379945.jpg,1
c991578318818571.jpg,1
c986881341755318.jpg,1
c810186939940141.jpg,1
c908125058027688.jpg,1
c921337299612576.jpg,1
c811879366947313.jpg,1
c944061183438415.jpg,1
c925663920487002.jpg,1
c809944651428083.jpg,1
c92153717796612.jpg,1
c948069380771140.jpg,1
c994183843262145.jpg,1
c942785016518.jpg,1
c898099126126896.jpg,1
c87490203072354.jpg,1
c854858707718891.jpg,1
c893594913027004.jpg,1
c87253428514663.jpg,1
c885476710357557.jpg,1
c968619064089376.jpg,1
c840335981755198.jpg,1
c933655391660468.jpg,1
c96512102472338.jpg,1
c834045474438924.jpg,1
c854124468613620.jpg,1
c921947606089708.jpg,1
c997271291268093.jpg,1
c919104749382954.jpg,1
c976406878959844.jpg,1
c872479380575177.jpg,1
c934082111437472.jpg,1
c916122128285421.jpg,1
c939065690695389.jpg,1
c931277570666569.jpg,1
c862497449522771.jpg,1
c806367933055434.jpg,1
c98596859742654.jpg,1
c901536215330331.jpg,1
c9853400472469.jpg,1
c769429188557461.jpg,1
c943246396314770.jpg,1
c829794694967844.jpg,1
c86003367707147.jpg,1
c803498102784892.jpg,1
c991481152787041.jpg,1
c90287538185563.jpg,1
c913368971355777.jpg,1
c859379368716882.jpg,1
c932461688128329.jpg,1
c809333312246318.jpg,1
c774462988730628.jpg,1
c866971633980850.jpg,1
c860515169449222.jpg,1
c93033117346375.jpg,1
c975336085265981.jpg,1
c919943377620431.jpg,1
c900337416919846.jpg,1
c848329705714785.jpg,1
c904049918875866.jpg,1
c768529876175826.jpg,1
c859293839231267.jpg,1
c773781184750790.jpg,1
c970212278291606.jpg,1
c902771208455776.jpg,1
c899637929565147.jpg,1
c79964679253477.jpg,1
c975898248394505.jpg,1
c799503021774386.jpg,1
c9108347933540.jpg,1
c825212135262536.jpg,1
c929478489873807.jpg,1
c817872589475062.jpg,1
c898218903665544.jpg,1
c82266667939996.jpg,1
c958428432751919.jpg,1
c99082623594484.jpg,1
c887487994122148.jpg,1
c913576925190538.jpg,1
c8639248193029.jpg,1
c9024938325188.jpg,1
c94749416224971.jpg,1
c922706020269389.jpg,1
c976119694116106.jpg,1
c975235047850481.jpg,1
c986522855820795.jpg,1
c86125962604035.jpg,1
c771248227728430.jpg,1
c94937275757497.jpg,1
c813466158435421.jpg,1
c912297909946322.jpg,1
c902556893093011.jpg,1
c97997801568961.jpg,1
c945301468072775.jpg,1
c853669148628343.jpg,1
c946903099984167.jpg,1
c90573528845189.jpg,1
c868599449739823.jpg,1
c91838226921302.jpg,1
c81274175458316.jpg,1
c879474171510619.jpg,1
c919897711229129.jpg,1
c939278212955251.jpg,1
c966417558416439.jpg,1
c849006943461538.jpg,1
c902168752526008.jpg,1
c81816925017918.jpg,1
c843697957899275.jpg,1
c807966394418420.jpg,1
c82792227155841.jpg,1
c918439046293375.jpg,1
c944213474185673.jpg,1
c91241248349449.jpg,1
c908652282374554.jpg,1
c983951057256512.jpg,1
c854087095523797.jpg,1
c774847008834298.jpg,1
c941646729743242.jpg,1
c936687401016120.jpg,1
c94771561067928.jpg,1
c808684696820873.jpg,1
c815043263977106.jpg,1
c998673129863681.jpg,1
c90980772120335.jpg,1
c845788045388929.jpg,1
c822577807378948.jpg,1
c951452949149109.jpg,1
c775131928416432.jpg,1
c800335854666186.jpg,1
c845396289223353.jpg,1
c926031886789944.jpg,1
c762783224466840.jpg,1
c889376576316080.jpg,1
c935464022594301.jpg,1
c866669999849457.jpg,1
c889315694844147.jpg,1
c838212355735640.jpg,1
c945053237391840.jpg,1
c860638028987165.jpg,1
c999337555628980.jpg,1
c888171437272950.jpg,1
c938411615361696.jpg,1
c985771844477764.jpg,1
c981393741415713.jpg,1
c855892000224521.jpg,1
c832203834311376.jpg,1
c82357805407478.jpg,1
c888072221672888.jpg,1
c961232697579711.jpg,1
c775387455673594.jpg,1
c963546937899261.jpg,1
c831299781858890.jpg,1
c894893027982375.jpg,1
c810016246285630.jpg,1
c901478197028985.jpg,1
c85778259676051.jpg,1
c975382094895102.jpg,1
c881867514463496.jpg,1
c940264065795757.jpg,1
c81314633362425.jpg,1
c844795120715982.jpg,1
c768718661799276.jpg,1
c91759492727825.jpg,1
c835109012859640.jpg,1
c952584949463407.jpg,1
c801725766339499.jpg,1
c802425773933741.jpg,1
c96431792315050.jpg,1
c889234708254787.jpg,1
c90108954129447.jpg,1
c94681783397423.jpg,1
c875628777859640.jpg,1
c999984265113476.jpg,1
c930305448510393.jpg,1
c8992743418570.jpg,1
c990244680586444.jpg,1
c998439903140433.jpg,1
c98633565633189.jpg,1
c85827986358710.jpg,1
c901881621083877.jpg,1
c84301004782052.jpg,1
c90308627785813.jpg,1
c925312596230279.jpg,1
c87459478956137.jpg,1
c95741735184299.jpg,1
c77404148031047.jpg,1
